microp_capacity,microp_volume,potential,slope,intercept,corr_coef,min_p_index,max_p_index,curvature,point_count,pressure_range
687.0969890035898,1.063874413255015,3.8113349935856773,-0.025129106783797216,2.8370180453798093,-0.9021764679375404,1,27,0.17047367135138528,27,"[0.00014359, 0.02782359]"
665.6014591251312,1.0305915658505838,3.8306475656558003,-0.024750948127865807,2.8232142653399066,-0.9048030867932024,1,28,0.16983776310841994,28,"[0.00014359, 0.03445805]"
649.0701822964243,1.0049951759406217,3.84634632099703,-0.024449123024307875,2.812291658489359,-0.9076183992764264,1,29,0.16932980959524996,29,"[0.00014359, 0.04178732]"
636.5702131251771,0.9856407069492041,3.8587540734195747,-0.024214033900353888,2.8038463129245916,-0.910541775980487,1,30,0.16893025901571293,30,"[0.00014359, 0.04486854]"
626.7199822044271,0.970388990220775,3.86884825224679,-0.024024998437498654,2.7970735418720967,-0.9132854954929587,1,31,0.16879582612772398,31,"[0.00014359, 0.05300442]"
619.4954911615223,0.9592028676029443,3.876469287811402,-0.023883579567094134,2.7920381498229836,-0.9160488969871801,1,32,0.16850647037690258,32,"[0.00014359, 0.05480133]"
613.6197914368045,0.9501051613152746,3.8827863771706657,-0.02376719735154823,2.787899358719896,-0.918559680608695,1,33,0.16845269066348728,33,"[0.00014359, 0.06506103]"
609.7272399688726,0.9440780851160084,3.8870547356327747,-0.023688987463902137,2.7851355978493832,-0.9210895873123109,1,34,0.1681962932898018,34,"[0.00014359, 0.07174989]"
607.1055448412434,0.9400187537402666,3.8899656487840684,-0.02363584699331695,2.7832641994072236,-0.923500405250032,1,35,0.16806467074016126,35,"[0.00014359, 0.08178596]"
606.0466107422737,0.9383791411218926,3.8911527402753014,-0.023614221549525655,2.7825060268225825,-0.9258710335529754,1,36,0.16790410080402024,36,"[0.00014359, 0.088454]"
606.007072178381,0.9383179211381996,3.8911972473171064,-0.023613411270507055,2.782477692466821,-0.9281156932753611,1,37,0.29979606281499743,37,"[0.00014359, 0.09954232]"
752.1584064768751,1.164612996668556,3.8726716158329597,-0.023953911483619337,2.876309313748675,-0.9541184623645452,2,20,0.18595094902008258,19,"[0.00019476, 0.00545242]"
700.6259686108681,1.0848221622220202,3.9177667532188702,-0.023136238714086814,2.8454862303487745,-0.9539241203230788,2,21,0.1834202131320609,20,"[0.00019476, 0.00672935]"
661.5750250584698,1.0243571910116087,3.956291033368194,-0.022466934254516423,2.820579101919307,-0.9543074094618056,2,22,0.18175991820088927,21,"[0.00019476, 0.00863236]"
630.8965191373172,0.976855778534547,3.9898599971258633,-0.02190461176051671,2.7999581312677275,-0.9551103536116853,2,23,0.18005975999933058,22,"[0.00019476, 0.01089172]"
607.1061907140429,0.9400197537847386,4.018261163373164,-0.021443420778301876,2.783264661433713,-0.9562718252281105,2,24,0.17869381365461837,23,"[0.00019476, 0.01380056]"
588.6376502903192,0.9114237798226654,4.041985650975684,-0.02106804607508036,2.769848036884196,-0.957701855833526,2,25,0.17749112458341385,24,"[0.00019476, 0.01740058]"
574.4531800047444,0.889461094431942,4.06134764039726,-0.02076816267241799,2.759254637908215,-0.9593271602190904,2,26,0.17647297646131774,25,"[0.00019476, 0.02206847]"
563.7476532517196,0.8728850707042343,4.0767109680202545,-0.02053424867922638,2.751084747024465,-0.9610926739969216,2,27,0.17557229976391037,26,"[0.00019476, 0.02782359]"
555.981174504735,0.8608597552797147,4.0883105622492435,-0.02035996151871916,2.745060086641181,-0.962944827058074,2,28,0.17481679757418908,27,"[0.00019476, 0.03445805]"
550.7062095399209,0.8526922034686951,4.096431414818511,-0.020239115569282037,2.740919973437373,-0.9648206653432465,2,29,0.17421489930670533,28,"[0.00019476, 0.04178732]"
547.5091571046058,0.8477420110821752,4.101461383236468,-0.020164744181401295,2.7383913871591763,-0.9666582337321658,2,30,0.17374243082793878,29,"[0.00019476, 0.04486854]"
545.3174936364819,0.8443485241021433,4.10495069262389,-0.020113366383953266,2.736649429958837,-0.9682906644052971,2,31,0.1735836561089317,30,"[0.00019476, 0.05300442]"
544.5819316956573,0.8432096084312388,4.106135245904972,-0.020095964299732035,2.7360632280890607,-0.9698428245750598,2,32,0.17324223281123527,31,"[0.00019476, 0.05480133]"
544.1872367464254,0.8425984780315294,4.106772917541921,-0.020086604678594158,2.735748351711287,-0.9711931449958054,2,33,0.17317882473772958,32,"[0.00019476, 0.06506103]"
545.0459015493528,0.8439280014147158,4.105377528053202,-0.02010709349767335,2.7364330783319777,-0.9724629404397498,2,34,0.17287673360780048,33,"[0.00019476, 0.07174989]"
546.5479945638374,0.8462537841644796,4.102937528058478,-0.020142987584502704,2.7376283050945442,-0.9735988086800056,2,35,0.17272178836354082,34,"[0.00019476, 0.08178596]"
549.0900534506545,0.8501898098638415,4.0988172970566525,-0.020203793218799317,2.739643576707702,-0.974602072138836,2,36,0.1725328893729162,35,"[0.00019476, 0.088454]"
552.2106453839433,0.855021613765137,4.09379409806245,-0.020278256218448712,2.742104774608462,-0.9754590006357798,2,37,0.3080375419463838,36,"[0.00019476, 0.09954232]"
730.2085627815052,1.130626707314683,3.943069037420993,-0.022693702565796715,2.8634469213923355,-0.9787319651431257,3,18,0.19604896469944758,16,"[0.00022592, 0.00340612]"
677.5239642700743,1.0490519118695647,3.994912205351356,-0.021821611270429263,2.8309246609725607,-0.9772752428216098,3,19,0.19210856796971584,17,"[0.00022592, 0.00414545]"
638.2141793763424,0.9881861607335465,4.03892025382398,-0.021116052099970334,2.8049664488021713,-0.9765386943395622,3,20,0.1897284347122989,18,"[0.00022592, 0.00545242]"
606.010514138473,0.9383232505361331,4.079398055428746,-0.020493697931070646,2.7824801591377533,-0.9761505341000833,3,21,0.1869054389828976,19,"[0.00022592, 0.00672935]"
581.5877802954475,0.9005080336844166,4.113196338104607,-0.019992646303453324,2.7646152730125886,-0.9762603866556735,3,22,0.18506280310516932,20,"[0.00022592, 0.00863236]"
562.4975756096401,0.8709494988136934,4.141897325122959,-0.01957990745343923,2.75012065495829,-0.9767269270249778,3,23,0.1831834039486007,21,"[0.00022592, 0.01089172]"
547.911337834363,0.8483647321750349,4.165382948098974,-0.019250580514465737,2.7387102873081446,-0.9774824205148023,3,24,0.1816787955519727,22,"[0.00022592, 0.01380056]"
536.8771399317479,0.8312798067463731,4.184186888795621,-0.01899220647455582,2.7298749122276065,-0.978441673801807,3,25,0.18035786893453898,23,"[0.00022592, 0.01740058]"
528.7613880346141,0.818713690279748,4.19866727040959,-0.018796382545016168,2.723259733966708,-0.9795352421586643,3,26,0.1792423898997787,24,"[0.00022592, 0.02206847]"
523.0795055289997,0.809916083080784,4.209184569071466,-0.01865583755936496,2.7185677045236547,-0.980710262082175,3,27,0.17825768866235359,25,"[0.00022592, 0.02782359]"
519.5043106636273,0.8043803895752919,4.215989364397008,-0.018565649384432864,2.7155891555306546,-0.9819140216348657,3,28,0.1774331865061365,26,"[0.00022592, 0.03445805]"
517.742892350854,0.8016530775596828,4.219407404622199,-0.018520567253186394,2.7141141455490896,-0.9830881475988149,3,29,0.17677727187553396,27,"[0.00022592, 0.04178732]"
517.5076527406147,0.8012888416420133,4.2198692811094105,-0.01851448654658746,2.713916776386823,-0.9841793626851845,3,30,0.1762629897079657,28,"[0.00022592, 0.04486854]"
517.7801870097813,0.8017108231676812,4.219332650321511,-0.018521551660517322,2.7141454280282664,-0.9851096924134837,3,31,0.17609027848538616,29,"[0.00022592, 0.05300442]"
519.1676239825488,0.8038590769352778,4.216590705092976,-0.01855770742252407,2.7153076014268676,-0.9859280598669841,3,32,0.1757190817480404,30,"[0.00022592, 0.05480133]"
520.5758449564312,0.8060395118466506,4.213818626681765,-0.018594356252114034,2.716484012706162,-0.9866187099067093,3,33,0.17565017347552986,31,"[0.00022592, 0.06506103]"
523.0237758370026,0.8098297933803151,4.209001346095112,-0.01865827399515081,2.718521431659079,-0.9871827711959466,3,34,0.17532200331986575,32,"[0.00022592, 0.07174989]"
525.919110953631,0.8143128183355643,4.203339185562063,-0.018733777053003244,2.7209189525797712,-0.9876252866897839,3,35,0.17515376198878757,33,"[0.00022592, 0.08178596]"
529.6965691191051,0.8201616885150378,4.196007599327989,-0.01883214782549654,2.7240271599896544,-0.9878905208058555,3,36,0.1749487264655365,34,"[0.00022592, 0.088454]"
533.9120896976591,0.8266888375985715,4.187923439826052,-0.018941416206123746,2.72746975496455,-0.9880128324772051,3,37,0.31233759123099303,35,"[0.00022592, 0.09954232]"
747.6767279168341,1.157673738856678,3.9562927040800404,-0.022466905791743257,2.873713863066643,-0.9918961725011801,4,16,0.21031521238176834,13,"[0.00026236, 0.00211443]"
691.9887669758324,1.0714486531414982,4.010999717828236,-0.021560093939459856,2.8400990446301586,-0.9898600399545361,4,17,0.2050702896087041,14,"[0.00026236, 0.00259059]"
648.0869074926832,1.0034727112498427,4.060580920260687,-0.02077992922449482,2.811633248021404,-0.9883103773177065,4,18,0.20102684550916672,15,"[0.00026236, 0.00340612]"
609.6961940188651,0.9440300147673142,4.110066904998592,-0.02003834861217258,2.785113483980811,-0.9868431530984139,4,19,0.19653947822539988,16,"[0.00026236, 0.00414545]"
581.1508958751702,0.8998315787388684,4.151247330191714,-0.019447903853908894,2.76428891162843,-0.986070968373382,4,20,0.19385146964213906,17,"[0.00026236, 0.00545242]"
557.735530870432,0.8635761328494995,4.1886183801356,-0.01893198998672548,2.746428312358585,-0.9856370184324903,4,21,0.19068431590245621,18,"[0.00026236, 0.00672935]"
540.1719050373883,0.8363812936538613,4.219066603894676,-0.01852505567784919,2.7325319922828784,-0.9856529159554615,4,22,0.18862890160037896,19,"[0.00026236, 0.00863236]"
526.6666415131444,0.8154702657529163,4.2441954335162215,-0.018197953848045977,2.7215358114929193,-0.9859835268933804,4,23,0.1865418107201048,20,"[0.00026236, 0.01089172]"
516.6238653636758,0.7999204194365157,4.263987340780056,-0.0179457234936765,2.713174464470581,-0.9865540025609855,4,24,0.18487753853107303,21,"[0.00026236, 0.01380056]"
509.3381263204397,0.7886394627829398,4.279032708105396,-0.017757093519350606,2.7070061863486568,-0.9872810560432895,4,25,0.18342116634692388,22,"[0.00026236, 0.01740058]"
504.34060007889764,0.7809014863647091,4.289739712716874,-0.01762446254931794,2.7027239308410604,-0.9880972279017913,4,26,0.18219467817808235,23,"[0.00026236, 0.02206847]"
501.28554848435346,0.7761711625900076,4.296473900981563,-0.017541720071311835,2.7000851845572633,-0.9889505090199289,4,27,0.18111450016650316,24,"[0.00026236, 0.02782359]"
499.93795351120866,0.7740845986342568,4.2995050890213085,-0.017504645100737133,2.69891610809647,-0.9897882977155781,4,28,0.18021184164375825,25,"[0.00026236, 0.03445805]"
500.07190409849903,0.7742920025448246,4.299200064114331,-0.017508371181071694,2.69903245495208,-0.9905554083184006,4,29,0.17949489943996033,26,"[0.00026236, 0.04178732]"
501.4559023037561,0.7764349318577577,4.296031930272368,-0.01754713463275795,2.7002327474696997,-0.9912050010409166,4,30,0.17893347120544997,27,"[0.00026236, 0.04486854]"
503.0776400857207,0.7789459679397861,4.292331138080013,-0.017592560426082877,2.7016350149938297,-0.9917298405496556,4,31,0.17874506465775583,28,"[0.00026236, 0.05300442]"
505.64199865037955,0.7829165215981687,4.286487579661762,-0.017664607646737523,2.703843139294478,-0.9921152929630455,4,32,0.1783403679844885,29,"[0.00026236, 0.05480133]"
508.0465645208856,0.7866396584268244,4.281055775232056,-0.017731931442410732,2.705903518952616,-0.9924294368491665,4,33,0.17826527572348225,30,"[0.00026236, 0.06506103]"
511.38608395922705,0.7918104412127763,4.273544283775828,-0.017825596494302213,2.708748905657567,-0.9925763900798382,4,34,0.17790780403873235,31,"[0.00026236, 0.07174989]"
515.067638416827,0.7975108177988031,4.265347226179598,-0.01792856453746429,2.7118642641137227,-0.9926080455357117,4,35,0.17772463617972264,32,"[0.00026236, 0.08178596]"
519.5526545110048,0.8044552433195031,4.2554719128710286,-0.018053670081332473,2.715629568071774,-0.9924226593548723,4,36,0.17750149674056767,33,"[0.00026236, 0.088454]"
524.3999732479582,0.8119606442449457,4.24496303867344,-0.018188083591533687,2.719662660862699,-0.9920935990126042,4,37,0.31688035623982225,34,"[0.00026236, 0.09954232]"
760.2150083584519,1.1770875275379484,3.955912615148002,-0.022473382345410527,2.8809364393040715,-0.9943782727753543,5,15,0.23052888592929996,11,"[0.00032093, 0.00169959]"
699.9880887583183,1.0838344937200193,4.015790253328492,-0.0214830273833562,2.8450906499706177,-0.9923557670192443,5,16,0.22012368314253133,12,"[0.00032093, 0.00211443]"
649.9597984999772,1.0063726232758945,4.073854054372423,-0.02057747969441629,2.812886495366607,-0.9905178602081063,5,17,0.21356882659021476,13,"[0.00032093, 0.00259059]"
611.3201261102502,0.946544448433213,4.125319106022012,-0.01981691136279001,2.7862686940308086,-0.9892176726594845,5,18,0.2086105133328287,14,"[0.00032093, 0.00340612]"
577.7872443695898,0.8946234307929966,4.17612869328663,-0.01910235977894996,2.7617679498289656,-0.9880192690411205,5,19,0.20319794457265536,15,"[0.00032093, 0.00414545]"
553.3588125774129,0.8567993914571082,4.2173732258012855,-0.01854737938075194,2.7430068307427105,-0.9875105542998582,5,20,0.1999985120874429,16,"[0.00032093, 0.00545242]"
533.5707959293271,0.8261603915227732,4.254149680604363,-0.018070509066178027,2.72719205120491,-0.9873282679922287,5,21,0.19626769489953966,17,"[0.00032093, 0.00672935]"
519.0283876493106,0.8036434887800418,4.283347699548898,-0.017703482833906756,2.7151911117257113,-0.9875486284608189,5,22,0.19386806193047804,18,"[0.00032093, 0.00863236]"
508.11017517113646,0.7867381506983602,4.306749031486256,-0.01741646542522956,2.705957891970776,-0.9880405257334248,5,23,0.19144815163202084,19,"[0.00032093, 0.01089172]"
500.2602551300253,0.7745836380000194,4.324473914963311,-0.01720318583251872,2.699196000258236,-0.9887199734794636,5,24,0.18953016632105588,20,"[0.00032093, 0.01380056]"
494.84594666405593,0.7662003320991042,4.3372181176679945,-0.01705198506088767,2.6944700172631584,-0.9895047245231456,5,25,0.18786003447153987,21,"[0.00032093, 0.01740058]"
491.45062734967354,0.760943150942423,4.3454688570991475,-0.016955039759761602,2.691479893792496,-0.9903288645188123,5,26,0.1864593635734862,22,"[0.00032093, 0.02206847]"
489.78064092941366,0.7583574085342454,4.349624640519531,-0.01690648795510059,2.690001615203382,-0.9911424343003974,5,27,0.18523010695487493,23,"[0.00032093, 0.02782359]"
489.6357224689904,0.7581330223929581,4.3499910088453895,-0.016902216588710363,2.6898730952184216,-0.9918935605549399,5,28,0.1842059206279238,24,"[0.00032093, 0.03445805]"
490.8149159026912,0.7599588399157678,4.346985836750301,-0.01693729544547692,2.690917752497914,-0.9925295594839478,5,29,0.1833944029939234,25,"[0.00032093, 0.04178732]"
493.1087028532035,0.7635104509476357,4.341133084786904,-0.017005892728164548,2.6929426674424537,-0.9930087005101595,5,30,0.18276010344288773,26,"[0.00032093, 0.04486854]"
495.4867926745287,0.7671925932853557,4.335107337542069,-0.0170769051717771,2.6950320827465863,-0.9933738984382259,5,31,0.1825474745764256,27,"[0.00032093, 0.05300442]"
498.7228371074917,0.7722031593735266,4.326945378227748,-0.017173724391305104,2.6978592555307426,-0.9935680076226744,5,32,0.18209114024308998,28,"[0.00032093, 0.05480133]"
501.6907148407908,0.7767985065117887,4.319548207980119,-0.017262104744136676,2.700436063294596,-0.9937201879262759,5,33,0.1820065250954689,29,"[0.00032093, 0.06506103]"
505.54611828820407,0.7827680641522992,4.310004019394026,-0.017377035664357218,2.70376078011394,-0.9936656027413765,5,34,0.18160397055110258,30,"[0.00032093, 0.07174989]"
509.6858387819328,0.7891778473150695,4.2998856731794834,-0.017499997496787136,2.707302567227513,-0.99349129464102,5,35,0.1813978619765056,31,"[0.00032093, 0.08178596]"
514.5925832877507,0.796775260803505,4.288053385282742,-0.017645263770294482,2.7114635225264543,-0.9930608583407298,5,36,0.18114692113728065,32,"[0.00032093, 0.088454]"
519.8202686192575,0.804869606658235,4.275670673826163,-0.01779901452220771,2.715853209327911,-0.9924783030329295,5,37,0.3233656657680172,33,"[0.00032093, 0.09954232]"
759.6423501153905,1.176200845654484,3.9565635987771888,-0.022462291380196203,2.880609168688365,-0.9925228800128008,6,15,0.23461969063802687,10,"[0.00034268, 0.00169959]"
691.5122363883137,1.070710811603392,4.02759609444708,-0.021294665375847063,2.8397998694039774,-0.9901527438115794,6,16,0.22326707490693756,11,"[0.00034268, 0.00211443]"
638.0886700037228,0.987991826873421,4.093859816466039,-0.020277279660282352,2.8048810332941545,-0.9882503868165404,6,17,0.21619619724459105,12,"[0.00034268, 0.00259059]"
598.5198035581802,0.9267249238791806,4.150838607956674,-0.019453649361762713,2.777078524723636,-0.9870853771966278,6,18,0.21088618220752128,13,"[0.00034268, 0.00340612]"
565.0825216056426,0.8749519292548181,4.20600837073114,-0.01869813368580975,2.752111874476071,-0.9860987344074077,6,19,0.2051255385401341,14,"[0.00034268, 0.00414545]"
541.3996929923243,0.838282353054592,4.249719999557374,-0.01812707508014666,2.7335180051622725,-0.9858705552154665,6,20,0.20173711778659956,15,"[0.00034268, 0.00545242]"
522.5867318237424,0.8091530913271623,4.288009302256041,-0.017645807983091275,2.718158379044419,-0.9859907415850275,6,21,0.19780094890174987,16,"[0.00034268, 0.00672935]"
509.06651860735263,0.7882189159008831,4.317741004469058,-0.01728378909506467,2.706774534353705,-0.9864964766711313,6,22,0.19527748338754725,17,"[0.00034268, 0.00863236]"
499.1499694817317,0.7728645146280239,4.341003835845132,-0.017007411769654632,2.6982310488961474,-0.9872504007140257,6,23,0.19273901628453696,18,"[0.00034268, 0.01089172]"
492.23188712274674,0.7621528233700134,4.358077332281052,-0.016808306076186472,2.692169744175578,-0.9881532502140908,6,24,0.1907314534156051,19,"[0.00034268, 0.01380056]"
487.6683026864787,0.7550867456660271,4.369797890294,-0.01667342036096478,2.688124528370484,-0.9891192893430526,6,25,0.1889864033753479,20,"[0.00034268, 0.01740058]"
485.0403050522909,0.7510176557327971,4.376752403682395,-0.016594066209571105,2.685777828364146,-0.9900810698785315,6,26,0.18752506894644852,21,"[0.00034268, 0.02206847]"
484.0631267888074,0.7495046306892489,4.379395141454589,-0.01656404341584439,2.684902001785576,-0.9909894811972837,6,27,0.1862441720973428,22,"[0.00034268, 0.02782359]"
484.54271936399795,0.7502472132906837,4.378080293859797,-0.016578971666572108,2.6853320723386607,-0.9917922582804423,6,28,0.1851780841961597,23,"[0.00034268, 0.03445805]"
486.2821843349747,0.7529405336006143,4.373283576761826,-0.016633584002746796,2.6868883588407604,-0.9924374335895497,6,29,0.18433408138827678,24,"[0.00034268, 0.04178732]"
489.07677836348387,0.7572675749498678,4.365585283821387,-0.01672173431308912,2.689377042768088,-0.9928863790171247,6,30,0.18367482652012393,25,"[0.00034268, 0.04486854]"
491.8692170518757,0.7615912790538134,4.357964043022838,-0.016809616949650313,2.691849643696078,-0.9932159902741406,6,31,0.18345391711501505,26,"[0.00034268, 0.05300442]"
495.48254789080244,0.7671860208263456,4.348165634474248,-0.016923512306391445,2.6950283621750737,-0.9933425342449032,6,32,0.1829799546220997,27,"[0.00034268, 0.05480133]"
498.7622579957282,0.7722641971527829,4.339394424896016,-0.01702634207232134,2.697893582408058,-0.9934391670105317,6,33,0.1828920921897132,28,"[0.00034268, 0.06506103]"
502.91259484003064,0.7786904182623328,4.328385515180924,-0.01715658804278259,2.7014925121391853,-0.9932925583030223,6,34,0.18247418002885932,29,"[0.00034268, 0.07174989]"
507.3166393901799,0.7855094705747778,4.316869890230063,-0.01729425443138905,2.705279106900151,-0.9930159830423816,6,35,0.1822602665268187,30,"[0.00034268, 0.08178596]"
512.4739540164298,0.7934948571501577,4.30358485462596,-0.017454909562307983,2.7096717976997207,-0.9924462686522073,6,36,0.18199987604893506,31,"[0.00034268, 0.088454]"
517.9304209329979,0.8019434395660513,4.289800159379517,-0.017623717533534974,2.7142714202963862,-0.9917117547520781,6,37,0.3255730754261625,32,"[0.00034268, 0.09954232]"
646.1803748881041,1.000520709875205,4.096772675981292,-0.020234058245058785,2.810353763945895,-0.9893479004858285,7,16,0.23465564219404086,10,"[0.00041074, 0.00211443]"
598.4732873331329,0.9266528999547259,4.167573502812818,-0.019220241126286987,2.777044770577483,-0.9881013702541939,7,17,0.22574072540807813,11,"[0.00041074, 0.00259059]"
564.3738163942379,0.8738545975054135,4.226182468958679,-0.01843163823476151,2.7515668568553835,-0.9875454039294352,7,18,0.21920221813111673,12,"[0.00041074, 0.00340612]"
535.9394224769646,0.8298278812933839,4.281895445723402,-0.01772150192645214,2.729115703926433,-0.9871107411222588,7,19,0.21224814272496276,13,"[0.00041074, 0.00414545]"
516.3859576670782,0.7995520523570824,4.324479100650534,-0.017203123945249494,2.7129744237752114,-0.9873206854234057,7,20,0.20822096699504888,14,"[0.00041074, 0.00545242]"
501.1521460715548,0.7759646074516293,4.360808861114051,-0.016776740692853995,2.6999695944664124,-0.9878022590599537,7,21,0.20359798221249448,15,"[0.00041074, 0.00672935]"
490.5467978664439,0.7595436963144121,4.387940565177179,-0.016467457541002657,2.6906804451220414,-0.9885540627722199,7,22,0.20066393709794178,16,"[0.00041074, 0.00863236]"
483.0932839057828,0.748002963465203,4.408143239865952,-0.01624208122941175,2.684030999848488,-0.9894659427518306,7,23,0.19773486347757763,17,"[0.00041074, 0.01089172]"
478.23648149198385,0.7404828783811903,4.42190177786272,-0.016090943346547284,2.6796427024914644,-0.9904404614941821,7,24,0.1954337494672179,18,"[0.00041074, 0.01380056]"
475.4147710717615,0.736113851059381,4.430169132376826,-0.01600102723943054,2.6770726710718002,-0.9914040016666339,7,25,0.19344420869638454,19,"[0.00041074, 0.01740058]"
474.2659943341651,0.7343351295728501,4.433617357139845,-0.015963722169986132,2.676021986126729,-0.9922986987090555,7,26,0.19178556941533997,20,"[0.00041074, 0.02206847]"
474.56046326839686,0.7347910738858675,4.432718848839756,-0.015973431617968412,2.676291553309031,-0.9930820876000266,7,27,0.1903371754696052,21,"[0.00041074, 0.02782359]"
476.1396555172313,0.737236234109291,4.4278585463068785,-0.016026089678146376,2.6777343534029128,-0.9937061136379743,7,28,0.18913548250425452,22,"[0.00041074, 0.03445805]"
478.8312678935888,0.7414038226498257,4.419565571637561,-0.01611647406840234,2.6801825022821255,-0.9941251944677083,7,29,0.18818653258929527,23,"[0.00041074, 0.04178732]"
482.4518076429338,0.7470097264205389,4.408471619637831,-0.01623845196910105,2.683453937949144,-0.9943095449972449,7,30,0.18744676383088096,24,"[0.00041074, 0.04486854]"
485.91950555757745,0.7523789758035658,4.397988327355463,-0.01635484942433497,2.686564332662507,-0.9944109326425736,7,31,0.18719915904711754,25,"[0.00041074, 0.05300442]"
490.1331179643683,0.7589031703477152,4.385374655399169,-0.016496380036256107,2.6903140484894568,-0.9942757183378358,7,32,0.1866683989996587,26,"[0.00041074, 0.05480133]"
493.90748692951416,0.764747257328835,4.374268940152995,-0.016622345734666828,2.693645609493255,-0.9941636253566211,7,33,0.18657007880102155,27,"[0.00041074, 0.06506103]"
498.5145393561521,0.7718806391885522,4.36085850103162,-0.016776167788465846,2.697677829187426,-0.9937599941769031,7,34,0.1861027285252082,28,"[0.00041074, 0.07174989]"
503.3230288974479,0.7793259184886514,4.347097916899723,-0.016935985411413355,2.7018468014368446,-0.9932275540672713,7,35,0.18586370289065252,29,"[0.00041074, 0.08178596]"
508.85571353680575,0.7878925134797861,4.331538063502994,-0.017119155023183348,2.7065946552287317,-0.9923554633763094,7,36,0.1855729200258915,30,"[0.00041074, 0.088454]"
514.6507790304327,0.7968653688415122,4.315594416059728,-0.0173095928887197,2.711512634506904,-0.9913138392261539,7,37,0.3319401394617466,31,"[0.00041074, 0.09954232]"
552.8169586831825,0.8559604058364169,4.270181627308004,-0.017867741160560818,2.742581357357381,-0.992722124180003,8,17,0.23696855692243413,10,"[0.00049059, 0.00259059]"
527.2476737049294,0.8163699135348312,4.324323427636811,-0.017204981914666354,2.722014672243973,-0.9922869080351858,8,18,0.22877220086220937,11,"[0.00049059, 0.00340612]"
505.6462525032412,0.7829231080994774,4.375681537803425,-0.01660625242685705,2.703846792901296,-0.9919231881946555,8,19,0.22026504447536352,12,"[0.00049059, 0.00414545]"
491.12907716249225,0.7604452750643529,4.413531299775997,-0.016182668701410604,2.6911956471786254,-0.9920976486880004,8,20,0.21542999450663325,13,"[0.00049059, 0.00545242]"
480.01021371962406,0.7432292567864992,4.444906486195233,-0.015842397551773826,2.6812504784482534,-0.9924903369362228,8,21,0.2099566708120399,14,"[0.00049059, 0.00672935]"
472.586943156403,0.7317353516446171,4.4671391660454045,-0.01560703333353801,2.6744817185797647,-0.9930806300667842,8,22,0.20652342868280021,15,"[0.00049059, 0.00863236]"
467.73667683680173,0.724225386796162,4.482388009612348,-0.015448292015074486,2.670001425763356,-0.9937771171916835,8,23,0.20312584218832014,16,"[0.00049059, 0.01089172]"
465.00308399187315,0.7199927973211391,4.49129519721314,-0.01535656266155176,2.667455833225892,-0.9944894838840147,8,24,0.2004767671131665,17,"[0.00049059, 0.01380056]"
463.94153898859514,0.7183491420794768,4.494846062725758,-0.015320197063819645,2.666463258800058,-0.9951537090843692,8,25,0.19820015036921393,18,"[0.00049059, 0.01740058]"
464.2650177288074,0.7188500040544984,4.493744958390655,-0.015331461546671553,2.6667659609013477,-0.9957190452773426,8,26,0.19631166189352653,19,"[0.00049059, 0.02206847]"
465.81040247406634,0.72124281804645,4.488429904909463,-0.01538599102815418,2.668209182967747,-0.9961439365985256,8,27,0.19466942826848604,20,"[0.00049059, 0.02782359]"
468.46083147115047,0.7253466398347481,4.479286420843885,-0.015480404726632169,2.6706732848992196,-0.9963811086482175,8,28,0.19331167260324922,21,"[0.00049059, 0.03445805]"
472.0722698055692,0.730938451326468,4.466878463831837,-0.015609766126501882,2.6740084901068957,-0.9963899616916011,8,29,0.1922424795103722,22,"[0.00049059, 0.04178732]"
476.4849228256862,0.7377708326609909,4.4518727352737875,-0.015768143893716332,2.6780491630284846,-0.9961483747102602,8,30,0.19141078050495036,23,"[0.00049059, 0.04486854]"
480.59352110244566,0.744132427386252,4.438149656377382,-0.015914865073272486,2.681777911768708,-0.9959031294521417,8,31,0.19113275633328616,24,"[0.00049059, 0.05300442]"
485.3746898650282,0.7515354042488664,4.422392365538867,-0.01608558891791863,2.6860771260574263,-0.9953978285698835,8,32,0.19053737713320248,25,"[0.00049059, 0.05480133]"
489.6125827706564,0.7580971937786838,4.408712391293874,-0.01623579164258783,2.6898525704072016,-0.9949997981203166,8,33,0.19042717412637875,26,"[0.00049059, 0.06506103]"
494.64748212834377,0.7658930372850359,4.392676143307362,-0.016414256205099072,2.6942958027583197,-0.9942612450578897,8,34,0.18990371265057235,27,"[0.00049059, 0.07174989]"
499.8335519935055,0.7739229473606128,4.37648181261248,-0.016597144350117738,2.698825405364984,-0.9934058026743409,8,35,0.18963622558486878,28,"[0.00049059, 0.08178596]"
505.7166756300695,0.783032148546362,4.358472563323863,-0.016803733912808212,2.703907274405173,-0.9921637041741025,8,36,0.18931103315535916,29,"[0.00049059, 0.088454]"
511.82716317720593,0.7924933912209066,4.3402203506022285,-0.017016623815857255,2.709123330603397,-0.9907548587039604,8,37,0.33859883405445623,30,"[0.00049059, 0.09954232]"
505.16826821007476,0.7821830156997494,4.393720894569187,-0.016402549927488217,2.7034360628372194,-0.9947076713084709,9,18,0.23342866265721865,10,"[0.00052953, 0.00340612]"
487.3853620993116,0.754648651399896,4.442290387903535,-0.015870403107653,2.6878724816501856,-0.9943524585221493,9,19,0.22409464190002848,11,"[0.00052953, 0.00414545]"
475.7613143590652,0.7366504252873983,4.476833574170054,-0.015505863655811178,2.677389125293854,-0.9944934750908081,9,20,0.21883933639161451,12,"[0.00052953, 0.00545242]"
467.0694763653641,0.7231923193814677,4.504597412778526,-0.0152209190496122,2.669381486471603,-0.9948316024665049,9,21,0.2129311462536803,13,"[0.00052953, 0.00672935]"
461.56103808490565,0.714663266515041,4.523149847904622,-0.015034393330203726,2.6642291414412482,-0.9953260550512292,9,22,0.20924626141069846,14,"[0.00052953, 0.00863236]"
458.3121569457228,0.7096328245672516,4.534570033154595,-0.014921088304735035,2.6611613772631597,-0.9958925340499101,9,23,0.20561500518893328,15,"[0.00052953, 0.01089172]"
456.90791823246417,0.7074585556342667,4.539658308546126,-0.014870971714098393,2.6598286844616315,-0.9964424542901228,9,24,0.20279398117812605,16,"[0.00052953, 0.01380056]"
456.96601802214013,0.7075485151023491,4.539443244682287,-0.014873085423212673,2.659883905246663,-0.9969164395756942,9,25,0.2003765422259797,17,"[0.00052953, 0.01740058]"
458.2393603208288,0.7095201090877261,4.534668229155417,-0.014920119001141862,2.6610923900388443,-0.9972673658639407,9,26,0.19837598994546735,18,"[0.00052953, 0.02206847]"
460.60351870300696,0.7131806805236877,4.52574732978578,-0.015008521968060066,2.6633272513604362,-0.9974526283427364,9,27,0.19663972895167012,19,"[0.00052953, 0.02782359]"
463.9650670444981,0.718385572011596,4.513073158557709,-0.015135323538077358,2.6664852827942496,-0.9974242360904055,9,28,0.19520659291373949,20,"[0.00052953, 0.03445805]"
468.1949762780004,0.7249349999321582,4.497248151799721,-0.015295661555265941,2.67042674941518,-0.9971447784590507,9,29,0.1940795184455372,21,"[0.00052953, 0.04178732]"
473.14622676612873,0.7326013247629145,4.478977228590144,-0.015483610866650432,2.674995381040939,-0.9965979318303436,9,30,0.1932036838951382,22,"[0.00052953, 0.04486854]"
477.68427656456726,0.7396278656209048,4.462584624000653,-0.015654867941578245,2.6791409462998312,-0.9961138736196201,9,31,0.19291107783105751,23,"[0.00052953, 0.05300442]"
482.8514734043492,0.7476285534336518,4.444214063340266,-0.01584980358129217,2.683813560977708,-0.9953434866206099,9,32,0.1922847597761628,24,"[0.00052953, 0.05480133]"
487.3981986598203,0.7546685270339011,4.428423921515874,-0.016019952338779758,2.6878839197737245,-0.9947500442709545,9,33,0.1921688729301262,25,"[0.00052953, 0.06506103]"
492.7253871760326,0.7629169397728406,4.410202878764598,-0.016219335922521314,2.692604939434272,-0.9937667140672538,9,34,0.19161859524567573,26,"[0.00052953, 0.07174989]"
498.1703668410829,0.771347735772604,4.391981019461173,-0.0164220511332892,2.6973778904021004,-0.9926723475295093,9,35,0.191337520763029,27,"[0.00052953, 0.08178596]"
504.29950706193995,0.7808378595259885,4.371910190773258,-0.01664926465346744,2.7026885436491512,-0.991143478630362,9,36,0.19099591448132203,28,"[0.00052953, 0.088454]"
510.63317446154474,0.790644665255524,4.351711822110642,-0.016882173438638844,2.7081090263271643,-0.9894461054595809,9,37,0.3415992400706409,29,"[0.00052953, 0.09954232]"
472.6149081909057,0.731778651622858,4.502421825746545,-0.015242994086385676,2.6745074169216734,-0.9954639856573676,10,19,0.23352519560437066,10,"[0.00064514, 0.00414545]"
463.22094026161346,0.7172333948703794,4.534096525884542,-0.014925763526196045,2.6657881837817916,-0.9957250733558295,10,20,0.22695470207375992,11,"[0.00064514, 0.00545242]"
456.4847937156143,0.7068034059912006,4.558369947070102,-0.014688591343816055,2.6594263150238926,-0.9961290234547633,10,21,0.21972110988792623,12,"[0.00064514, 0.00672935]"
452.567362740791,0.7007378073253544,4.5731663617793,-0.014546478222080224,2.655683231252254,-0.9966182781312174,10,22,0.21528628414834466,13,"[0.00064514, 0.00863236]"
450.68224986771656,0.6978189714348495,4.580557737758652,-0.014476173538901465,2.6538704537081927,-0.9971248688491454,10,23,0.21097021236586078,14,"[0.00064514, 0.01089172]"
450.42875074610964,0.6974264631957269,4.581577058981221,-0.014466513615798858,2.6536261036281017,-0.9975671038835233,10,24,0.20765258835658185,15,"[0.00064514, 0.01380056]"
451.46799248258736,0.6990355849213638,4.577328419105062,-0.014506834051487932,2.6546269657659467,-0.9978948445387699,10,25,0.2048332155748794,16,"[0.00064514, 0.01740058]"
453.5818500385272,0.702308600235099,4.568612116097921,-0.014590023726791801,2.6566556680501523,-0.9980677421755804,10,26,0.20251596473517022,17,"[0.00064514, 0.02206847]"
456.67773620012025,0.7071021506746745,4.555818950076314,-0.014713279419430113,2.659609839544112,-0.9980439018316276,10,27,0.20051618773278482,18,"[0.00064514, 0.02782359]"
460.68108928720073,0.7133007878172223,4.5393527457824,-0.014873974992011709,2.663400385061924,-0.9977758805224428,10,28,0.19887328453661515,19,"[0.00064514, 0.03445805]"
465.4741328708594,0.7207221511936873,4.519862622130668,-0.015067219972805673,2.667895551560999,-0.9972307382796807,10,29,0.19758605660861167,20,"[0.00064514, 0.04178732]"
470.9194795520668,0.7291535154670786,4.498098438828736,-0.015286989077209222,2.672946655375828,-0.9963991147002748,10,30,0.19658864697075792,21,"[0.00064514, 0.04486854]"
475.84296241834204,0.7367768459857084,4.478901114409911,-0.015484400261288996,2.6774636506034906,-0.9957032546511578,10,31,0.19625597861963867,22,"[0.00064514, 0.05300442]"
481.3613801468417,0.7453213506436571,4.457776743673305,-0.015705575593991505,2.6824712436832385,-0.9946895332558122,10,32,0.1955448330779316,23,"[0.00064514, 0.05480133]"
486.18127108428774,0.752784283424755,4.4398022728377855,-0.015897099869888746,2.6867982247224296,-0.9939269073377841,10,33,0.19541338824681087,24,"[0.00064514, 0.06506103]"
491.7740215450183,0.7614438820114405,4.419296726837716,-0.016119415544848796,2.6917655829678853,-0.992717417119309,10,34,0.1947898173242003,25,"[0.00064514, 0.07174989]"
497.4545799991123,0.7702394391002209,4.398960496985478,-0.01634400858271944,2.6967534337123977,-0.9914014222343538,10,35,0.1944716750993642,26,"[0.00064514, 0.08178596]"
503.81314124757483,0.7800847895028825,4.376726490721428,-0.01659436095254892,2.702269491262282,-0.9895963744553684,10,36,0.19408535255388182,27,"[0.00064514, 0.088454]"
510.35631360766797,0.7902159846133652,4.354489679592215,-0.01684988519524122,2.7078734917884724,-0.9876199199663656,10,37,0.349776123065137,28,"[0.00064514, 0.09954232]"
458.29440866882265,0.7096053438214827,4.559145096829213,-0.014681100530850064,2.661144558752337,-0.9951340480013066,11,20,0.21983018473105403,10,"[0.00066991, 0.00545242]"
452.0868433181175,0.6999937896291106,4.583211406633317,-0.014451043128216268,2.6552218683316093,-0.9957478127900733,11,21,0.2125865596617812,11,"[0.00066991, 0.00672935]"
448.7269728239002,0.6947914960550523,4.596861790562257,-0.014322688128926606,2.651982175609534,-0.9963844516801084,11,22,0.20816209543152228,12,"[0.00066991, 0.00863236]"
447.40157415770847,0.6927393000028348,4.602447366255111,-0.014270605017494851,2.650697507804428,-0.9969881503969853,11,23,0.2038676238877766,13,"[0.00066991, 0.01089172]"
447.6713164855264,0.6931569585944602,4.601283214107598,-0.014281439382984502,2.6509592688504346,-0.9974761527204749,11,24,0.2005740526120372,14,"[0.00066991, 0.01380056]"
449.1907641602681,0.695509612629201,4.594626756980832,-0.014343599862511956,2.65243081812489,-0.99780497248227,11,25,0.19778004772493818,15,"[0.00066991, 0.01740058]"
451.7400835222639,0.6994568801676253,4.583382353764095,-0.014449426243073138,2.6548886278210606,-0.9979396420581564,11,26,0.19548694626597535,16,"[0.00066991, 0.02206847]"
455.23451408739874,0.704867521353136,4.567964024690118,-0.014596234585446755,2.658235181131911,-0.997840040932615,11,27,0.19351034773704334,17,"[0.00066991, 0.02782359]"
459.60325304078896,0.711631907844543,4.548814328836637,-0.014781353997787869,2.662383093934142,-0.9974594688559528,11,28,0.19188807503795668,18,"[0.00066991, 0.03445805]"
464.7290756350405,0.7195685333751203,4.526646396271794,-0.014999580942282159,2.6671998448327168,-0.9967685712576915,11,29,0.19061799557579137,19,"[0.00066991, 0.04178732]"
470.47547510809954,0.728466036152123,4.502269806595565,-0.015244538174834888,2.672536989500099,-0.9957639891008082,11,30,0.1896344600382696,20,"[0.00066991, 0.04486854]"
475.6258287708339,0.7364406446407198,4.4810041652583905,-0.015462608846987755,2.6772654308668926,-0.994945176917009,11,31,0.18930653200619213,21,"[0.00066991, 0.05300442]"
481.3594486593196,0.7453183600030528,4.4577959401182055,-0.01570537269819321,2.6824695010505923,-0.993772435395359,11,32,0.18860570781470828,22,"[0.00066991, 0.05480133]"
486.33843801499773,0.7530276346238843,4.438198864987507,-0.015914335711067856,2.6869385956181566,-0.9929058833597394,11,33,0.18847619866123602,23,"[0.00066991, 0.06506103]"
492.09631227870375,0.7619429045230869,4.415938187663128,-0.016156222291112573,2.692050110486203,-0.9915358734525653,11,34,0.18786192863682194,24,"[0.00066991, 0.07174989]"
497.92484947566055,0.7709675861761672,4.393965415896852,-0.01639981171116739,2.6971638007499728,-0.9900570031324065,11,35,0.18754860653384955,25,"[0.00066991, 0.08178596]"
504.43538142193415,0.7810482421318341,4.370020301705799,-0.016670874722924337,2.7028055406635465,-0.9880337580436452,11,36,0.18716820477265642,26,"[0.00066991, 0.088454]"
511.11972268412046,0.791398017712451,4.346160808708243,-0.016946942836130175,2.708522639490986,-0.9858311019692321,11,37,0.3514094537913791,27,"[0.00066991, 0.09954232]"
440.09624595149313,0.6814280122466574,4.6559131525228095,-0.013784603973686683,2.6435476640196485,-0.998128208526251,12,21,0.22289217799398883,10,"[0.00082469, 0.00672935]"
438.9016802484051,0.6795783928962505,4.661508227275481,-0.01373502782319037,2.642367243458812,-0.9985024307693853,12,22,0.21735000316512595,11,"[0.00082469, 0.00863236]"
439.3600883289023,0.6802881742451362,4.659302843086786,-0.013754540589889288,2.6428206028671832,-0.9987944059558547,12,23,0.212060799039936,12,"[0.00082469, 0.01089172]"
441.0815024504999,0.6829535453177694,4.650895769702349,-0.0138292644962211,2.644518845236758,-0.9989441768538209,12,24,0.2080611510807524,13,"[0.00082469, 0.01380056]"
443.8040594050856,0.6871690472468546,4.637501694023603,-0.013949436117387583,2.647191270336651,-0.998920316567124,12,25,0.20470494611207232,14,"[0.00082469, 0.01740058]"
447.35988460189355,0.692674749506411,4.620007481741959,-0.014108500254953063,2.6506570377017447,-0.9986951018977207,12,26,0.2019746500402346,15,"[0.00082469, 0.02206847]"
451.71500051742197,0.6994180426126863,4.598702019350914,-0.01430550082603358,2.6548645128190254,-0.9982236768849951,12,27,0.199638120929342,16,"[0.00082469, 0.02782359]"
456.82782901889374,0.7073345485923804,4.573990080842573,-0.014538620729307547,2.6597525523770384,-0.9974572328392913,12,28,0.1977318070989359,17,"[0.00082469, 0.03445805]"
462.59837758967717,0.716269442898648,4.546612124220378,-0.01480284292638577,2.665204105293472,-0.9963710967540466,12,29,0.19624633218485307,18,"[0.00082469, 0.04178732]"
468.90424510411276,0.7260332043607857,4.517404651655591,-0.015091828041028717,2.6710841645301606,-0.9949693406835716,12,30,0.1951001273436309,19,"[0.00082469, 0.04486854]"
474.47467022761134,0.7346582352584426,4.49240247459824,-0.015345210326921759,2.6762130326242106,-0.993883250890541,12,31,0.19471875354150478,20,"[0.00082469, 0.05300442]"
480.59203282308613,0.7441301229920314,4.465571101044634,-0.015623480093189732,2.681776566863948,-0.9924062086864631,12,32,0.1939050215188324,21,"[0.00082469, 0.05480133]"
485.8575669050445,0.7522830723886537,4.443189017841699,-0.01586077575993766,2.6865089709631826,-0.9913483533889529,12,33,0.1937548421370078,22,"[0.00082469, 0.06506103]"
491.90006761356926,0.7616390468707965,4.4180135843082375,-0.016133464489951774,2.691876882254794,-0.989709595899931,12,34,0.19304335276372808,23,"[0.00082469, 0.07174989]"
497.9796261095955,0.7710524001983798,4.393376206001904,-0.016406410879200778,2.6972115747894763,-0.9879727274935284,12,35,0.19268096111012628,24,"[0.00082469, 0.08178596]"
504.73937873188675,0.781518939813432,4.366709677676981,-0.016708820512505704,2.7030671888208966,-0.9856200949528974,12,36,0.1922414528215214,25,"[0.00082469, 0.088454]"
511.651451026627,0.7922213253203269,4.340311056224911,-0.01701555697873371,2.708974210109641,-0.9830894299596591,12,37,0.36088482361863755,26,"[0.00082469, 0.09954232]"
432.89867972079054,0.6702835789670745,4.706009182643505,-0.013349058030784497,2.6363862612789695,-0.9996411113585624,13,22,0.22747244625264842,10,"[0.00101357, 0.00863236]"
434.6069147431538,0.6729285440319831,4.69689041069642,-0.013426958464821854,2.6380966318117163,-0.9996551431605654,13,23,0.22086127922208768,11,"[0.00101357, 0.01089172]"
437.35024118682514,0.6771762046349792,4.682119822677672,-0.013554432779634131,2.640829370363115,-0.9995271046889657,13,24,0.2159483149299869,12,"[0.00101357, 0.01380056]"
440.92464030735215,0.6827106660399178,4.6628412686265985,-0.013723251253323002,2.644364369296956,-0.9992271936734134,13,25,0.2118798815952919,13,"[0.00101357, 0.01740058]"
445.19744836748345,0.6893265168450794,4.639908850160251,-0.013927736774621663,2.6485526665272316,-0.9987280233213328,13,26,0.20860498155431825,14,"[0.00101357, 0.02206847]"
450.1716881380241,0.6970284373919121,4.613479825850268,-0.014168471665178903,2.6533781781987837,-0.9979759284233793,13,27,0.20582622886808438,15,"[0.00101357, 0.02782359]"
455.82596493293283,0.7057833009757104,4.583919963526344,-0.01444434289052149,2.6587990599973264,-0.996917226681951,13,28,0.20357487592066556,16,"[0.00101357, 0.03445805]"
462.07081624681007,0.7154525873119095,4.551997390997829,-0.014750367388587338,2.6647085399465125,-0.995529306377736,13,29,0.20183008693107787,17,"[0.00101357, 0.04178732]"
468.79224412994176,0.7258597863825568,4.51857674539362,-0.015080086899675273,2.6709804179429866,-0.9938213712995707,13,30,0.20048939032875057,18,"[0.00101357, 0.04486854]"
474.6612687165263,0.7349471571444147,4.4903991526659635,-0.015365757535353975,2.676383795718908,-0.9925466451161011,13,31,0.20004436923177024,19,"[0.00101357, 0.05300442]"
481.05867628911653,0.7448526556934807,4.460454740229129,-0.015677304383208957,2.6821980519131445,-0.9908385097955219,13,32,0.19909659242554018,20,"[0.00101357, 0.05480133]"
486.52180755624175,0.7533115569321202,4.435740336122966,-0.01594081210549384,2.687102311591169,-0.9896493034681041,13,33,0.19892193430401725,21,"[0.00101357, 0.06506103]"
492.77185651730434,0.7629888911042698,4.408066273627241,-0.016242932018385694,2.692645896176944,-0.9877989553080031,13,34,0.19809556703721082,22,"[0.00101357, 0.07174989]"
499.03512162372914,0.7726866886449363,4.381144184774006,-0.016544213246022923,2.6981311119372537,-0.9858554503390898,13,35,0.19767535260172478,23,"[0.00101357, 0.08178596]"
505.9856415674701,0.7834486050050821,4.3521100411893725,-0.016877539702941938,2.704138192973213,-0.9832216414078547,13,36,0.19716633664147762,24,"[0.00101357, 0.088454]"
513.0740546890655,0.7944240298305969,4.3235008355363025,-0.01721480405823666,2.710180053653114,-0.9804070988999108,13,37,0.37114452989327906,25,"[0.00101357, 0.09954232]"
433.8104641555716,0.6716953507345137,4.703772617346865,-0.01336810881290215,2.6373000236353246,-0.9995974395520363,14,23,0.21331925075151095,10,"[0.00101671, 0.01089172]"
436.9340609785253,0.6765318072907913,4.685911380997154,-0.01352155715524522,2.6404159012406647,-0.9994099832506224,14,24,0.2085618359239754,11,"[0.00101671, 0.01380056]"
440.8626207570064,0.6826146373659601,4.663433590379755,-0.013718022788602032,2.644303278034428,-0.999025823550495,14,25,0.20462308147137867,12,"[0.00101671, 0.01740058]"
445.46002298724056,0.6897330772346612,4.637293306067667,-0.013951316753023,2.648808735140407,-0.9984213229703448,14,26,0.20145312119618156,13,"[0.00101671, 0.02206847]"
450.7372905696736,0.6979041943297781,4.607631384396312,-0.014222491965995562,2.6539234897743027,-0.9975399093083074,14,27,0.19876378758669166,14,"[0.00101671, 0.02782359]"
456.6758543995584,0.7070992369674386,4.574841797222504,-0.014530502118666291,2.659608049973001,-0.9963256969732999,14,28,0.19658513086954063,15,"[0.00101671, 0.03445805]"
463.18477296800313,0.7171773948312518,4.539764707377068,-0.014869926144072124,2.6657542736799344,-0.9947584503766335,14,29,0.19489683139583622,16,"[0.00101671, 0.04178732]"
470.148759777535,0.7279601627657328,4.503330074611716,-0.015233773167196039,2.6722352948048935,-0.9928525926035463,14,30,0.19359962915979398,17,"[0.00101671, 0.04486854]"
476.1764814840593,0.7372932540125634,4.472948354750896,-0.015546304037487382,2.677767941648603,-0.9914652250334354,14,31,0.1931690619620345,18,"[0.00101671, 0.05300442]"
482.7359553910865,0.7474496898080689,4.440750746157398,-0.015886915965662832,2.683709647371413,-0.9895960955220294,14,32,0.19225209563533638,19,"[0.00101671, 0.05480133]"
488.29889052599646,0.7560631234969729,4.414407612214777,-0.016173033275506944,2.688685737515774,-0.9883227681091558,14,33,0.19208311939461606,20,"[0.00101671, 0.06506103]"
494.6717851471469,0.7659306671397483,4.384883568894559,-0.01650192319949738,2.694317139989507,-0.9863090712648267,14,34,0.19128365210826692,21,"[0.00101671, 0.07174989]"
501.0457474719828,0.7757998639736307,4.35625118063581,-0.01682945315391572,2.699877380493209,-0.9841998564427799,14,35,0.19087712728776393,22,"[0.00101671, 0.08178596]"
508.1237475544959,0.786759165652019,4.325381770428188,-0.017192355783207436,2.7059694924715423,-0.9813244958330356,14,36,0.19038470355292006,23,"[0.00101671, 0.088454]"
515.3334031411571,0.79792231762297,4.295043805205985,-0.017559248167282385,2.7120882936928195,-0.9782603721282559,14,37,0.37130556903048767,24,"[0.00101671, 0.09954232]"
435.9079701225713,0.6749430478801186,4.695336179851476,-0.013440296463509185,2.6393948097119,-0.9991746763512196,15,24,0.004015466932813807,10,"[0.00130365, 0.01380056]"
440.6510688073313,0.6822870785060966,4.665458782101661,-0.013700166334661736,2.6440948278487277,-0.9985965043558108,15,25,0.004617441719105983,11,"[0.00130365, 0.01740058]"
445.93131723630535,0.6904628110287524,4.632612848071176,-0.013993645624746096,2.6492679734155793,-0.9978022881844969,15,26,0.0049440601765114505,12,"[0.00130365, 0.02206847]"
451.8016384794422,0.6995521894834847,4.596714690164587,-0.014324063200091917,2.654947801576133,-0.9967262951328383,15,27,0.006371535207586557,13,"[0.00130365, 0.02782359]"
458.26508747511593,0.7095599440187621,4.558084839199101,-0.014691347821999849,2.661116772159786,-0.9953069374630644,15,28,0.008088016471157308,14,"[0.00130365, 0.03445805]"
465.2393850207242,0.7203586766983505,4.517594804414754,-0.015089922407576405,2.6676764729806313,-0.9935256258963474,15,29,0.010224048238983168,15,"[0.00130365, 0.04178732]"
472.6152543720753,0.731779187636397,4.476206265884881,-0.015512383664868916,2.6745077350337643,-0.9914016426984877,15,30,0.010143895866087226,16,"[0.00130365, 0.04486854]"
478.8969011430563,0.741505446635791,4.442385918995466,-0.015869379278432228,2.6802420268091036,-0.9899330534115083,15,31,0.023421569461890317,17,"[0.00130365, 0.05300442]"
485.713559025224,0.7520600961551669,4.406734493734602,-0.016257662999823265,2.686380227268881,-0.9879179303501614,15,32,0.02329120490889777,18,"[0.00130365, 0.05480133]"
491.42377270917217,0.7609015702553239,4.378006974773066,-0.016579804629942897,2.691456161722182,-0.9866054042419652,15,33,0.04422010736272624,19,"[0.00130365, 0.06506103]"
497.98401450107036,0.7710591950140757,4.345763596677569,-0.016951590212006408,2.697215401945658,-0.9844447971939922,15,34,0.0440049591077377,20,"[0.00130365, 0.07174989]"
504.52441245040666,0.7811860943342066,4.314659400746384,-0.01732084861734562,2.702882185312261,-0.9821882443191384,15,35,0.09353138832405561,21,"[0.00130365, 0.08178596]"
511.7979080098622,0.7924480936508538,4.281138126082979,-0.01773090820364697,2.7090985063623627,-0.9790668775664456,15,36,0.0935133024158873,22,"[0.00130365, 0.088454]"
519.19263803023,0.8038978077196153,4.248333010668413,-0.018144835138440306,2.7153285256923225,-0.9757517724852902,15,37,0.28124117081165007,23,"[0.00130365, 0.09954232]"
441.87584180865247,0.6841834696692143,4.653080439028241,-0.013809794729130442,2.645300258507321,-0.9980622402834703,16,25,0.0027264696688989415,10,"[0.00169959, 0.01740058]"
447.733443743059,0.693253154038062,4.613797571664952,-0.014165544583489445,2.651019535506061,-0.9971561290755138,16,26,0.0030999130351483622,11,"[0.00169959, 0.02206847]"
454.0966478951654,0.7031056933332221,4.5720546937806565,-0.01455709145226036,2.6571482959859574,-0.9959690657512069,16,27,0.0046272129563505685,12,"[0.00169959, 0.02782359]"
460.9944103818979,0.7137859220866429,4.5280280461650575,-0.014985854564562686,2.663695659543629,-0.9944296875306329,16,28,0.0064453719210133195,13,"[0.00169959, 0.03445805]"
468.3541147532025,0.7251814037945553,4.482586812166756,-0.015446236716579385,2.6705743401030912,-0.9925176655925764,16,29,0.008692894658260092,14,"[0.00169959, 0.04178732]"
476.0719839544218,0.7371314540777523,4.436705485801817,-0.015930411216099963,2.6776726247175215,-0.9902547168008752,16,30,0.00861078889671915,15,"[0.00169959, 0.04486854]"
482.53557186526695,0.7471394237039103,4.399967253080421,-0.01633279215726275,2.6835293344577495,-0.9887703547689067,16,31,0.022509795866741088,16,"[0.00169959, 0.05300442]"
489.55244119143595,0.7580040728826104,4.361298327811153,-0.016771092797419812,2.6897992205522088,-0.9866649723660897,16,32,0.022359730502080552,17,"[0.00169959, 0.05480133]"
495.35387006379443,0.7669867810539437,4.330620770341754,-0.01713003562097438,2.6949155603653816,-0.9853560981041121,16,33,0.04423576072840912,18,"[0.00169959, 0.06506103]"
502.0593213205743,0.7773692425340355,4.296008629307422,-0.017547420153569335,2.7007550346751046,-0.9830855777459881,16,34,0.04397898701073171,19,"[0.00169959, 0.07174989]"
508.7296720381839,0.7876973556963317,4.262750535079945,-0.01796134845594128,2.706487068920205,-0.9807137976212295,16,35,0.09566322178973491,20,"[0.00169959, 0.08178596]"
516.1720121877826,0.7992207874484932,4.226844168182183,-0.018422983360144213,2.712794452586903,-0.9773723428321539,16,36,0.09559591226671209,21,"[0.00169959, 0.088454]"
523.7294141913335,0.8109223765267972,4.191819330249144,-0.018888652733353804,2.7191069658477423,-0.9738298557347317,16,37,0.2933279487083708,22,"[0.00169959, 0.09954232]"
451.00974618233533,0.6983260540667549,4.578176275508424,-0.014498775769712965,2.6541859269499644,-0.9969463047594834,17,26,0.002558360216968599,10,"[0.00211443, 0.02206847]"
457.6379228083413,0.7085888664961452,4.532503016568939,-0.014941511554351104,2.6605220056975356,-0.9957266086071125,17,27,0.0041658754957300285,11,"[0.00211443, 0.02782359]"
464.78742923115254,0.7196588858272757,4.484676966944208,-0.0154246499305849,2.667254373492921,-0.9941368041504941,17,28,0.006067478922600506,12,"[0.00211443, 0.03445805]"
472.3858025354485,0.7314239132836223,4.4356226209079574,-0.015942081277319595,2.6742968365003934,-0.9921542644715078,17,29,0.008409673368941196,13,"[0.00211443, 0.04178732]"
480.3268290850496,0.7437194917773527,4.386377211423273,-0.0164850713408983,2.6815368452235484,-0.9898028587941143,17,30,0.008316094648537442,14,"[0.00211443, 0.04486854]"
486.87252217549553,0.7538545898892572,4.347659036802248,-0.016929428866232724,2.687415264781471,-0.9883283676918423,17,31,0.02280026365733645,15,"[0.00211443, 0.05300442]"
494.01013552980095,0.7649061944529226,4.3067570804386595,-0.0174163677760414,2.6937358593679948,-0.9861539043001168,17,32,0.0226222387849068,16,"[0.00211443, 0.05480133]"
499.8355468603292,0.7739260361352771,4.27477974134738,-0.017810145619033404,2.69882713865784,-0.984855026109821,17,33,0.04538833562416683,17,"[0.00211443, 0.06506103]"
506.6324687942621,0.7844501272754367,4.2383580642578895,-0.01827324787553031,2.704693019181973,-0.982481419241248,17,34,0.04508097090506057,18,"[0.00211443, 0.07174989]"
513.3875539255383,0.7949094399278557,4.203431476880986,-0.018732543115578842,2.7104453358450087,-0.9799981559648206,17,35,0.09877883143324795,19,"[0.00211443, 0.08178596]"
520.9628374580274,0.8066387160742324,4.165565763737617,-0.01924804605959247,2.7168067442927137,-0.9764375294786286,17,36,0.09865377699881592,20,"[0.00211443, 0.088454]"
528.6526330420588,0.8185452982539569,4.128702147891963,-0.01976823766698431,2.723170399623922,-0.9726670961231958,17,37,0.3045966964640037,21,"[0.00211443, 0.09954232]"
461.8117728052212,0.7150514944620813,4.485128458592724,-0.015419992280300483,2.6644650000388737,-0.9956779589811102,18,27,0.004385248256644572,10,"[0.00259059, 0.02782359]"
469.18543321694403,0.7264685851634093,4.4336548310271375,-0.01596331739114679,2.671344520127837,-0.994071303481868,18,28,0.006362856073529934,11,"[0.00259059, 0.03445805]"
477.00183694165696,0.7385712024932457,4.381105911206108,-0.016544646842309753,2.678520051518288,-0.9920486717705416,18,29,0.008795034623648697,12,"[0.00259059, 0.04178732]"
485.1506136832713,0.751188453352259,4.328595744219203,-0.01715408841150752,2.685876585070733,-0.9896358808383109,18,30,0.008679918740395995,13,"[0.00259059, 0.04486854]"
491.7475675133131,0.761402921611513,4.288137877277446,-0.01764422076415767,2.6917422203083885,-0.9881964548212954,18,31,0.02378257085487475,14,"[0.00259059, 0.05300442]"
498.99024499893983,0.7726172034141309,4.245125615698996,-0.018185994009715187,2.6980920554740067,-0.9859669051677483,18,32,0.02356557911921402,15,"[0.00259059, 0.05480133]"
504.8156283023502,0.7816370017003796,4.212038357229743,-0.018617943569994994,2.70313279152215,-0.9846917499569385,18,33,0.04726967698374313,16,"[0.00259059, 0.06506103]"
511.69573215719004,0.7922898885108952,4.173876986122167,-0.019133292206078106,2.7090117947162806,-0.9822177943918426,18,34,0.046897241268078343,17,"[0.00259059, 0.07174989]"
518.5296695155783,0.8028712929031926,4.1373379990150205,-0.019644709576446172,2.7147736111363425,-0.9796249075257623,18,35,0.10270152270228075,18,"[0.00259059, 0.08178596]"
526.2424776474155,0.8148135068222291,4.097502425899278,-0.020223249359297625,2.721185900882551,-0.9758357243665128,18,36,0.10250366013308429,19,"[0.00259059, 0.088454]"
534.0709491635143,0.826934809453683,4.058789771630215,-0.020807451935880798,2.727598955124885,-0.9718293059009182,18,37,0.3163707450577487,20,"[0.00259059, 0.09954232]"
474.84336767782423,0.7352291121357852,4.368249451005297,-0.016691157592367306,2.67655037642213,-0.9946152646780861,19,28,0.006679873008901588,10,"[0.00340612, 0.03445805]"
482.81672754959897,0.7475747542954995,4.312745840645784,-0.017343914524150975,2.6837823081457755,-0.9925952109417312,19,29,0.009253901462690776,11,"[0.00340612, 0.04178732]"
491.13090634515765,0.7604481073000722,4.257372571324625,-0.01802950131575421,2.6911972646810205,-0.9901615566541334,19,30,0.009100442570410053,12,"[0.00340612, 0.04486854]"
497.7147585763449,0.7706422895501933,4.215715933315646,-0.01856926211269889,2.6969805189301512,-0.9887885918556132,19,31,0.025186280559991163,13,"[0.00340612, 0.05300442]"
505.0288860064346,0.7819672016844226,4.170902568463632,-0.019174255203378027,2.7033162190581157,-0.986524858739129,19,32,0.024898341603576162,14,"[0.00340612, 0.05480133]"
510.8073873106368,0.7909144096956474,4.1370842092787266,-0.019648325109959897,2.708257169415666,-0.9852905679752079,19,33,0.050081045584864516,15,"[0.00340612, 0.06506103]"
517.7532321820235,0.8016690873545074,4.09735677496376,-0.02022540609196046,2.714122818747404,-0.9827239946128663,19,34,0.0495901977163941,16,"[0.00340612, 0.07174989]"
524.6535322880624,0.8123532452595529,4.059343976013689,-0.02079893086548228,2.7198726011441376,-0.9800295554790746,19,35,0.10868077140658991,17,"[0.00340612, 0.08178596]"
532.5107456430072,0.8245190506430601,4.017562350490629,-0.02145461227902638,2.726328375916177,-0.9760084309996647,19,36,0.10834841218458877,18,"[0.00340612, 0.088454]"
540.4881369843961,0.8368709349744603,3.9770169292961524,-0.022117508523605684,2.7327861661917243,-0.9717661312473971,19,37,0.3346820231475305,19,"[0.00340612, 0.09954232]"
488.04000187886686,0.7556622703249006,4.250557123226001,-0.01811636712835877,2.6884554201241686,-0.9928283013334421,20,29,0.009788562786993459,10,"[0.00414545, 0.04178732]"
496.5621896943447,0.7688576964538792,4.191877929028119,-0.01888786060548219,2.695973647493488,-0.990361347495912,20,30,0.009593245258328598,11,"[0.00414545, 0.04486854]"
503.154413594761,0.7790648410729696,4.148843561124392,-0.019481726729117802,2.701701286608365,-0.9890536774083173,20,31,0.02652145754299218,12,"[0.00414545, 0.05300442]"
510.56766266750594,0.7905432293264488,4.101971248506354,-0.020157225840804267,2.7080533048477937,-0.9867383893517717,20,32,0.026160289412463067,13,"[0.00414545, 0.05480133]"
516.3173995806815,0.7994458996666959,4.067295493198795,-0.020677184384652762,2.712916760752337,-0.9855392969042013,20,33,0.052598571630684196,14,"[0.00414545, 0.06506103]"
523.3541332577475,0.8103413060383302,4.025779185597396,-0.021323510369239806,2.718795658414834,-0.9828560865656694,20,34,0.051988478625774416,15,"[0.00414545, 0.07174989]"
530.3436780518424,0.8211636469679867,3.986095773145079,-0.021966726374014523,2.72455739622236,-0.9800385925114072,20,35,0.11383513445350792,16,"[0.00414545, 0.08178596]"
538.3717361091428,0.8335939816834298,3.9421315447453424,-0.022709897002648482,2.731082251858494,-0.9757483178552558,20,36,0.11336746689388776,17,"[0.00414545, 0.088454]"
546.5220725820127,0.8462136475700169,3.8995517641846082,-0.02346196623187174,2.7376077066461795,-0.9712384713111025,20,37,0.34998875312192784,18,"[0.00414545, 0.09954232]"
503.40641427044665,0.7794550291763604,4.110802219563024,-0.020027597552520555,2.701918744912211,-0.9913416434963186,21,30,0.009723292006238286,10,"[0.00545242, 0.04486854]"
509.92449590363884,0.7895473747753664,4.067098561311509,-0.02068018813766119,2.70750587523527,-0.9901354991645364,21,31,0.028098335413118472,11,"[0.00545242, 0.05300442]"
517.4071847423729,0.8011332808778256,4.018470779646982,-0.02144006528760447,2.7138324550575676,-0.9877918885503025,21,32,0.027598893932441446,12,"[0.00545242, 0.05480133]"
523.0738150918047,0.8099072722278348,3.9833849369907206,-0.022011604250110145,2.7185629799284645,-0.9866483573029735,21,33,0.05615989291012324,13,"[0.00545242, 0.06506103]"
530.1948528363374,0.8209332117581738,3.9401907520638972,-0.022743471645854087,2.724435507260472,-0.9838573827252053,21,34,0.05531949465533115,14,"[0.00545242, 0.07174989]"
537.2721596501683,0.8318914400061377,3.8989164966711907,-0.02347343636137683,2.7301943368955803,-0.9809306131666938,21,35,0.12175008259126163,15,"[0.00545242, 0.08178596]"
545.4998605541825,0.844630893986848,3.8526743951962206,-0.024328846891061583,2.7367946439059248,-0.9763710922717758,21,36,0.12101610473684879,16,"[0.00545242, 0.088454]"
553.8545348331379,0.8575669486322773,3.8079785954457592,-0.025195612535093215,2.7433957159654305,-0.9716041898707917,21,37,0.3753058492716625,17,"[0.00545242, 0.09954232]"
516.0021818476023,0.7989578287157323,3.9935664594874027,-0.021843678902559314,2.712651537988395,-0.9907115811867901,22,31,0.030280845329865507,10,"[0.00672935, 0.05300442]"
523.6111307756873,0.8107392310590797,3.9426545115154554,-0.02270086126998826,2.719008870084753,-0.9883123123521704,22,32,0.029605915002749762,11,"[0.00672935, 0.05480133]"
529.2302745958627,0.8194396961031107,3.9068862550843253,-0.02333007725729313,2.723644680023872,-0.9872185291742613,22,33,0.060195398440306545,12,"[0.00672935, 0.06506103]"
536.4857299033106,0.8306737625910207,3.861568673717683,-0.024161125580219555,2.7295581745653976,-0.9842867456862191,22,34,0.05907906733404596,13,"[0.00672935, 0.07174989]"
543.6951888182609,0.8418366100430983,3.8183227191335116,-0.024991396719201326,2.7353554899284616,-0.9812261139861818,22,35,0.1297968792135675,14,"[0.00672935, 0.08178596]"
552.1743166486802,0.8549653637559959,3.7693595571513834,-0.02597799879377763,2.742076202380829,-0.9763525929092358,22,36,0.1287519578514617,15,"[0.00672935, 0.088454]"
560.7794778247247,0.868289262628563,3.7221833723549564,-0.02697833027580132,2.748792111894123,-0.9712982411648068,22,37,0.39886888446697044,16,"[0.00672935, 0.09954232]"
530.8866146292168,0.8220043089733995,3.8557404011583367,-0.02427085573171507,2.7250017755088844,-0.9893491478712895,23,32,0.03199864710933927,10,"[0.00863236, 0.05480133]"
536.4228796866571,0.8305764477454671,3.8196142248752776,-0.024966054715022466,2.7295072932469586,-0.988330430635513,23,33,0.06565221216378755,11,"[0.00863236, 0.06506103]"
543.8433718526304,0.8420660509244691,3.7720138436704613,-0.025923196968888253,2.7354738398920655,-0.985266179038337,23,34,0.06404009739388239,12,"[0.00863236, 0.07174989]"
551.215109622284,0.8534801646811502,3.72666600056757,-0.02688109468337226,2.7413211137175,-0.9820951533979553,23,35,0.14105516301243368,13,"[0.00863236, 0.08178596]"
560.015476905421,0.8671063131428881,3.6746334977885384,-0.028039240184985582,2.7482000295807367,-0.9769166692381948,23,36,0.13945409145491847,14,"[0.00863236, 0.088454]"
568.937791210959,0.8809212796594004,3.6247146865111604,-0.029213716762674116,2.755064782369069,-0.971608399288775,23,37,0.43319149803901713,15,"[0.00863236, 0.09954232]"
543.7778927878202,0.8419646656720661,3.732295952088336,-0.026759632605898986,2.735421547430551,-0.9893533705963802,24,33,0.07329597204378753,10,"[0.01089172, 0.06506103]"
551.4327200842363,0.8538171043071895,3.681926654663183,-0.027872950015754124,2.7414925320462014,-0.9861416320225753,24,34,0.07087645170125276,11,"[0.01089172, 0.07174989]"
559.026936382003,0.8655756952153444,3.6341010864336645,-0.02898793591247821,2.74743273461312,-0.9828698219647082,24,35,0.15548456179138428,12,"[0.01089172, 0.08178596]"
568.2421240835691,0.8798441355752065,3.5784463642253153,-0.03036160522180333,2.7545334250556097,-0.9773828455763853,24,36,0.1530186645410687,13,"[0.01089172, 0.088454]"
577.564547510905,0.8942786155869067,3.5253884562673794,-0.03175318508516531,2.761600527198488,-0.9718507703965996,24,37,0.47420835716607,14,"[0.01089172, 0.09954232]"
559.8932539308595,0.8669170678144571,3.585325844653122,-0.030187168226481653,2.7481052347779764,-0.9872909719042121,25,34,0.07907434091184996,10,"[0.01380056, 0.07174989]"
567.7815117444825,0.8791309412375418,3.5347236176685675,-0.03150227007628355,2.754181246805413,-0.9839693650655909,25,35,0.1740928104949261,11,"[0.01380056, 0.08178596]"
577.5413823042938,0.8942427474766024,3.4748784384137994,-0.0331580777222696,2.7615831079797912,-0.978225918889564,25,36,0.17012132843261066,12,"[0.01380056, 0.088454]"
587.3758479103425,0.9094700538012659,3.4183498565093515,-0.03483041318755672,2.7689160849601713,-0.9725690520319252,25,37,0.5295492536192482,13,"[0.01380056, 0.09954232]"
577.567043110212,0.894282479676389,3.429717249783612,-0.03448523652205075,2.7616024037379523,-0.9853118307075156,26,35,0.20155756592612445,10,"[0.01740058, 0.08178596]"
588.0553577086611,0.9105221805017999,3.3649604926734202,-0.03651473952319699,2.769418211136969,-0.9794342205573368,26,36,0.19472745230690663,11,"[0.01740058, 0.088454]"
598.5477871939795,0.9267682526589499,3.304646698395739,-0.038550761832972735,2.7770988295730987,-0.9738303403000467,26,37,0.6053474000213278,12,"[0.01740058, 0.09954232]"
600.5441946058219,0.9298594127104177,3.2449894703692115,-0.040716285581621325,2.778544973049813,-0.9816572279478089,27,36,0.23129504777151944,10,"[0.02206847, 0.088454]"
611.8493916463151,0.9473639427268115,3.1811028853412346,-0.04321901178830319,2.786644532559783,-0.9764045303847048,27,37,0.723398665968214,11,"[0.02206847, 0.09954232]"
627.0434586373242,0.970889848623239,3.054558222823075,-0.04881605252037063,2.797297641615914,-0.9803222769484125,28,37,0.9224056800765047,10,"[0.02782359, 0.09954232]"
